the_geom,L_LOW_HN,PHYSICALID,L_HIGH_HN,R_LOW_HN,R_HIGH_HN,L_ZIP,R_ZIP,L_BLKFC_ID,R_BLKFC_ID,ST_LABEL,STATUS,BIKE_LANE,BOROCODE,ST_WIDTH,CREATED,MODIFIED,TRAFDIR,RW_TYPE,FRM_LVL_CO,TO_LVL_CO,SNOW_PRI,PRE_MODIFI,PRE_DIRECT,PRE_TYPE,POST_TYPE,POST_DIREC,POST_MODIF,FULL_STREE,ST_NAME,BIKE_TRAFD,SHAPE_Leng
"MULTILINESTRING ((-73.87861544017795 40.86191530153914, -73.8786122906838 40.861905665471, -73.87860961001435 40.86189594747457, -73.8786074016745 40.861886161457974, -73.87860566917195 40.86187631982168, -73.87860441468642 40.861866437142524, -73.87860363951931 40.86185652565106, -73.87860334518933 40.861846599420886, -73.87860353255412 40.86183667202225, -73.87860420004561 40.86182675618532, -73.87860634362991 40.86181181620364, -73.87860791909888 40.861796835083545, -73.87860892466473 40.86178182538742, -73.87860935986241 40.86176680034911, -73.8786092240086 40.86175177186207, -73.87860851663821 40.86173675316013, -73.87860723971737 40.86172175530189, -73.87860539300073 40.861706792024, -73.87860297911358 40.861691875893406, -73.87859999913972 40.86167701780025, -73.87859645636273 40.86166223232246, -73.87859235319092 40.86164753001648, -73.87858769313219 40.86163292345018, -73.87858247969412 40.86161842535897, -73.87857671793161 40.86160404697215, -73.87857041311688 40.86158980136198, -73.87856356920302 40.861575698919005, -73.87855619146161 40.86156175305051, -73.87854828847979 40.861547973984386, -73.87853986442792 40.861534373954086, -73.87853092744972 40.86152096435966, -73.8785214848077 40.86150775576261, -73.87851154442609 40.86149475889263, -73.87850111400626 40.86148198565189, -73.87849339904342 40.861472554343635, -73.87848617610794 40.86146290091462, -73.8784794568671 40.861453040286776, -73.87847325122357 40.86144298704517, -73.87846756863532 40.861432757617095, -73.87846241790137 40.86142236675397, -73.87845780693476 40.86141183104899, -73.8784537425477 40.861401165754, -73.87845023088582 40.86139038863303, -73.87844727832025 40.861379514769936, -73.87844488856913 40.86136856209364, -73.8784430649126 40.861357546689895, -73.87844181107086 40.86134648531494, -73.87844112855731 40.86133539489028, -73.87843982428429 40.86132234847885, -73.87843798772593 40.86130933886429, -73.87843561885926 40.861296378778285, -73.87843272119147 40.86128348112378, -73.8784292973496 40.86127065746262, -73.87842534951592 40.861257921198906, -73.87842088340605 40.8612452842328, -73.87841590208792 40.86123275829408, -73.87841041083394 40.861220356287504, -73.87840441469886 40.861208089442414, -73.87839791939724 40.86119597016148, -73.87839422197551 40.861187600487156, -73.87839105677973 40.86117910606626, -73.87838843039377 40.86117050633846, -73.87838634962061 40.861161821581284, -73.87838481751525 40.8611530703931, -73.87837275110545 40.86113434096803, -73.87836024529666 40.86111577809909, -73.8783473040493 40.86109738815621, -73.87833393220787 40.86107917667263, -73.87832013351269 40.86106114968297, -73.87830591214629 40.861043312719765, -73.87829127317256 40.86102567198653, -73.87827622055399 40.86100823268057, -73.87826076023669 40.860991001173836, -73.87824489618527 40.860973981490936, -73.87822863324163 40.860957180505245, -73.87821197801784 40.86094060241167, -73.87820229950542 40.86093108357343, -73.87819308153357 40.860921304889374, -73.87818433511062 40.86091127960555, -73.8781760723487 40.86090102063419, -73.87816830359382 40.86089054138816, -73.87816103941198 40.860879855615615, -73.87815428882426 40.86086897723063, -73.87814806129218 40.8608579206503, -73.87814236407061 40.86084670028934, -73.87813720662102 40.860835330564846, -73.87813259288633 40.8608238270607, -73.87812853056307 40.86081220402459, -73.87812502513869 40.86080047704206, -73.87812208077648 40.86078866186472, -73.87811970142083 40.86077677323882, -73.87811788969046 40.86076482691436, -73.87811664864502 40.86075283880932, -73.8781159793586 40.86074082467204, -73.87811588356878 40.86072879941394, -73.87811636036194 40.86071677978638, -73.87811683647155 40.86070429025522, -73.87811784851246 40.86069181888013, -73.87811939557778 40.86067937872696, -73.87812147455175 40.860666984199376, -73.87812408497062 40.86065464735854, -73.87812722372104 40.860642381267944, -73.87813088570226 40.86063019982662, -73.87813506956832 40.86061811492722, -73.87813976889484 40.86060614029984, -73.87814498057007 40.86059428817029, -73.87815069662727 40.86058257109438, -73.87815691351277 40.86057100163251, -73.87816362303923 40.8605595923402, -73.87817081834596 40.860548354266655, -73.87817849190613 40.86053730080571, -73.87818663641777 40.86052644300611, -73.87819524193057 40.86051579224882, -73.87820429981808 40.86050535991621, -73.87821380035163 40.860495156886955, -73.87822373424257 40.86048519471021, -73.87823408911684 40.86047548292164, -73.87824485634847 40.86046603273613, -73.87826882581723 40.86044971663271, -73.87829312595134 40.86043368516013, -73.8783177514479 40.86041794233312, -73.87834269612324 40.86040249116041, -73.87836795401041 40.86038733682871, -73.87839351870575 40.86037248201145, -73.87841938490672 40.860357930555836, -73.87844554554565 40.86034368630733, -73.87847199421917 40.86032975177177, -73.87847903822377 40.86032640621215, -73.87848582702662 40.86032276855775, -73.87849233854237 40.86031884984186, -73.87849855333201 40.86031466193821, -73.8785044512915 40.8603102183951, -73.87851001496405 40.8603055330986, -73.87851522601116 40.86030061943133, -73.87852007028154 40.860295493628186, -73.87859081878089 40.86021908818022, -73.87859428291951 40.86021465966131, -73.87859729616642 40.86021004505204, -73.87859984192428 40.860205270971164, -73.87860190580169 40.86020036437485, -73.87860347671511 40.86019535322783, -73.87860454379964 40.860190266667786, -73.87860510258942 40.86018513367151, -73.87860514972256 40.860179982881995, -73.8786046840409 40.86017484445221, -73.8786037085804 40.86016974753439, -73.87860222968841 40.86016472044663, -73.8786002548133 40.860159792680896, -73.8785977958189 40.860154992393525, -73.87859486589451 40.860150346904646, -73.87859148308608 40.86014588219937, -73.87858766521863 40.86014162443005, -73.87858343563802 40.86013759724195, -73.87856936588649 40.860127065321564, -73.87855570468096 40.86011622742936, -73.87854246391906 40.86010509312679, -73.87852965461767 40.86009367096931, -73.87851728756807 40.86008197219249, -73.87850537312512 40.86007000535105, -73.87849392097803 40.86005778100931, -73.87848294081631 40.86004530956406, -73.87847244255099 40.860032600909726, -73.87846243476581 40.86001966678214, -73.8784529258269 40.860006517241615, -73.87844392387761 40.85999316352092, -73.8784354357367 40.85997961718648, -73.87842746998936 40.859965889136475, -73.87842278884038 40.859955299578324, -73.87841859532267 40.85994459293245, -73.8784148938245 40.8599337826054, -73.87841168983894 40.85992288116726, -73.87840898554833 40.859911901687184, -73.87840678445868 40.85990085740324, -73.87840509051718 40.859889761553966, -73.87840390480082 40.85987862837998, -73.87840322905157 40.85986747044742, -73.87840306368626 40.85985630099104, -73.8784034100025 40.85984513425171, -73.87840426621065 40.8598339834619, -73.87840563206592 40.85982286168811, -73.87840750555678 40.85981178283269, -73.8784098848942 40.859800759792996, -73.87841383545249 40.859791318321435, -73.87841832149336 40.85978201528571, -73.8784233343785 40.859772868601645, -73.87842886436796 40.859763895346276, -73.87843490105986 40.859755112595955, -73.87844143405444 40.85974653625438, -73.8784484505218 40.85973818389786, -73.87845593697654 40.859730069584096, -73.87846387926731 40.85972220954783, -73.87847226368724 40.85971461834908, -73.87848107255927 40.85970730970603, -73.8784902908523 40.859700298344805, -73.87849990045049 40.85969359664297, -73.87850988412062 40.85968721697901, -73.87862013651761 40.85963015195035, -73.87863719343531 40.85961897548254, -73.87865389675983 40.85960749542307, -73.87867023831551 40.85959571812944, -73.87868620727804 40.859583650458795, -73.87870179502958 40.85957129927076, -73.87871699339459 40.85955867092272, -73.87873179419472 40.85954577327986, -73.87874618815123 40.859532612698466, -73.87876016774685 40.85951919754694, -73.8787737252471 40.85950553435071, -73.87878685247284 40.85949163147752))",,164809,,,,10458,10458,0,0,MITSUBISHI WILD WETLAND TRL,2,,2,0,08/19/2014 12:00:00 AM +0000,12/22/2015 12:00:00 AM +0000,NV,6,13,13,,,,,TRL,,,MITSUBISHI WILD WETLAND TRL,MITSUBISHI WILD WETLAND,,1026.07752317
"MULTILINESTRING ((-73.7729030190404 40.77780428098228, -73.77203608151008 40.778069803113304))",215-001,6110,215-027,215-000,215-026,11360,11360,112261166,112262650,28 AVE,2,,4,35,11/29/2007 12:00:00 AM +0000,08/28/2020 12:00:00 AM +0000,TW,1,13,13,S,,,,AVE,,,28 AVE,28,,258.859740425
"MULTILINESTRING ((-73.90711253281893 40.90518625079211, -73.90672345950594 40.90639950030468))",5631,61140,5699,5602,5698,10471,10471,1522604870,1522601877,ARLINGTON AVE,2,,2,42,11/29/2007 12:00:00 AM +0000,08/28/2020 12:00:00 AM +0000,TW,1,13,13,H,,,,AVE,,,ARLINGTON AVE,ARLINGTON,,454.932921708
"MULTILINESTRING ((-73.98181677514282 40.687329801759894, -73.98053316350646 40.68689189631319, -73.97981084497512 40.686646845437885))",317,145494,399,316,360,11217,11217,1922603730,1922612977,SCHERMERHORN ST,2,2,3,50,11/29/2007 12:00:00 AM +0000,04/15/2019 12:00:00 AM +0000,TW,1,13,13,C,,,,ST,,,SCHERMERHORN ST,SCHERMERHORN,TW,609.424374552
"MULTILINESTRING ((-73.8300230194527 40.71400599781069, -73.82987470666845 40.71394126633185))",120-011,12438,120-011,0,0,11415,11415,92261717,92269521,QUEENS BLVD,2,,4,40,11/29/2007 12:00:00 AM +0000,04/15/2019 12:00:00 AM +0000,TF,1,13,13,C,,,,BLVD,,,QUEENS BLVD,QUEENS,,47.3992280891
"MULTILINESTRING ((-74.15825784169094 40.56220197631664, -74.15915791685175 40.56193583351181))",528,15432,554,555,555,10308,10308,1722611503,1722601588,ARTHUR KILL RD,2,,5,36,11/29/2007 12:00:00 AM +0000,04/15/2019 12:00:00 AM +0000,TW,1,13,13,C,,,,RD,,,ARTHUR KIL RD,ARTHUR KIL,,268.22875069
"MULTILINESTRING ((-73.8871122884414 40.84841546446455, -73.8860172527964 40.84787758613754))",731,52620,759,730,758,10457,10457,1522611738,1522610770,E 181 ST,2,,2,30,11/29/2007 12:00:00 AM +0000,03/17/2017 12:00:00 AM +0000,TF,1,13,13,S,,E,,ST,,,E  181 ST,181,,360.814869483
"MULTILINESTRING ((-73.90674661427755 40.73671756619241, -73.90747642833853 40.73509378159815))",51-001,83272,51-099,51-000,51-098,11377,11377,102264679,102265638,58 LN,2,,4,30,11/29/2007 12:00:00 AM +0000,08/28/2020 12:00:00 AM +0000,TW,1,13,13,S,,,,LN,,,58 LN,58,,625.213984208
"MULTILINESTRING ((-73.90098639497059 40.702449447994866, -73.90069776903817 40.70176960976336))",68-049,26405,68-099,68-050,68-098,11385,11385,52263275,52261376,FOREST AVE,2,,4,36,11/29/2007 12:00:00 AM +0000,08/28/2020 12:00:00 AM +0000,TW,1,13,13,C,,,,AVE,,,FOREST AVE,FOREST,,260.29310322
"MULTILINESTRING ((-74.23944088631606 40.52901127507582, -74.23984740805369 40.52903993484164))",0,95944,0,15,15,10309,10309,1722607326,1722611776,TIDES LN,2,,5,34,11/29/2007 12:00:00 AM +0000,10/07/2020 12:00:00 AM +0000,TW,1,13,13,V,,,,LN,,,TIDES LN,TIDES,,113.491099155
"MULTILINESTRING ((-73.7826761967837 40.80538577085191, -73.78233987300185 40.81198760260892, -73.78233425532586 40.81215291139918, -73.78232807055433 40.81231820822498, -73.7823213193467 40.81248349241737, -73.78231400016023 40.81264876246566, -73.7823061145369 40.81281401753501, -73.78229766247466 40.8129792569552, -73.78228864243297 40.81314447854541, -73.78227905617378 40.81330968163872, -73.78226890325571 40.813474865061494, -73.78225818389724 40.81364002814391, -73.78224689765865 40.81380516920971, -73.78223504475733 40.81397028792413, -73.78222262541779 40.81413538177454, -73.78220963963471 40.814300451095804, -73.78219608740996 40.81446549404496, -73.78218196962625 40.81463050911578, -73.78216728517745 40.81479549613843, -73.78215203516734 40.81496045343953, -73.78213621849419 40.81512537950911, -73.78211983625572 40.8152902745165, -73.78210288823605 40.81545513578067, -73.78208537531359 40.81561996313552, -73.78206729594444 40.8157847554052, -73.78204865145075 40.81594951158681, -73.78202944271696 40.81611422967144, -73.78200966753442 40.81627890948717, -73.78198932810783 40.81644354986516, -73.78196842355707 40.81660814896068, -73.78194695410123 40.816772705936266, -73.78192492040043 40.81693721995519, -73.78190232157125 40.817101690177886, -73.78187915915858 40.817266114931684, -73.78185543272166 40.817430492875204, -73.78183114181644 40.81759482367224, -73.781806287328 40.81775910514631, -73.78178086925053 40.81792333779959, -73.78175488758929 40.818087518783834, -73.7817283425601 40.81825164826658, -73.78170123460538 40.81841572457305, -73.7816735637249 40.81857974653019, -73.78164532991839 40.818743712964924, -73.78161653340557 40.818907622872125, -73.7815871748472 40.81907147524746, -73.78155725402091 40.81923526942003, -73.78152677114971 40.8193990033795, -73.7814957260118 40.819562676287404, -73.78146411970896 40.81972628714024, -73.78143195246098 40.819889834932816, -73.7813992233856 40.82005331849033, -73.78136593336414 40.820216736808845, -73.78133208283747 40.82038008871606, -73.78129767224644 40.82054337303962, -73.78126270093041 40.8207065882701, -73.78122716910757 40.82086973390481, -73.78119107876299 40.82103280860682, -73.78115442747189 40.821195810863294, -73.78111721787599 40.821358740846264, -73.78107944909749 40.82152159604065, -73.78104112091299 40.82168437611043, -73.78100223442718 40.821847079214415, -73.7809627898572 40.822009705184904, -73.7809227869835 40.82217225251323, -73.78088222690809 40.82233472019572, -73.78084110853104 40.822497106219494, -73.78079943361092 40.82265941108981, -73.78075720170885 40.82282163296249, -73.78071441260703 40.82298376982623, -73.7806710680641 40.82314582218637, -73.78062716631966 40.823307787693544, -73.78058270957789 40.82346966551375, -73.78053769739438 40.82363145547795, -73.7804921295536 40.823793154904735, -73.78044600737262 40.823954764466045, -73.78039933041482 40.82411628164755, -73.78035209867916 40.82427770561092, -73.78030431392823 40.8244390356888, -73.78025597527996 40.82460027070611, -73.78020708295549 40.82476140932241, -73.78015763783591 40.824922450701095, -73.78010764014296 40.82508339333414, -73.7800570903161 40.82524423655159, -73.78000598791382 40.825404979346715, -73.77995433470218 40.82556562004697, -73.77990212979695 40.825726158147326, -73.77984937408203 40.825886591973514, -73.77979606777593 40.8260469210226, -73.77974221176149 40.82620714395536, -73.77968780581831 40.82636725959792, -73.77963284928444 40.826527266943124, -73.7795773450265 40.82668716499053, -73.77952129105873 40.826846952897924, -73.77946468936895 40.82700662865804, -73.77940753907193 40.82716619210087, -73.77934984215388 40.827325641721686, -73.77932787990046 40.827367268432056, -73.77930538665774 40.8274087306178, -73.77928236464193 40.82745002476482, -73.7792588158471 40.82749114786119, -73.77923474205404 40.827532094716716, -73.77921014569793 40.827572862320324, -73.77918502944004 40.82761344598608, -73.77915939593508 40.82765384303833, -73.77913324674165 40.82769404878903, -73.77910658451559 40.827734060227485, -73.77907941191881 40.827773872500245, -73.77905173182663 40.82781348293204, -73.77902354667879 40.82785288717155, -73.7789948591351 40.827892081035415, -73.7789656714076 40.82793106234967, -73.77893598704277 40.82796982559245, -73.77890580781214 40.828008368421365, -73.77887513791829 40.828046686991094, -73.77884397935948 40.82808477711694, -73.77881233523063 40.828122636459106, -73.7787802084172 40.828160259326886, -73.7787476015703 40.828197644217255, -73.77871451867483 40.82823478644677, -73.77868096260522 40.828271683675204, -73.77864693668651 40.82830833071526, -73.77861244335153 40.82834472539339, -73.77857748614146 40.82838086386288, -73.77854206859689 40.82841674244463, -73.77850619381464 40.82845235829619, -73.77846986599641 40.82848770790722, -73.77843308735855 40.828522787931064, -73.77839586210344 40.82855759468985, -73.7783581935479 40.82859212550909, -73.77832008479332 40.82862637620624, -73.77828154047764 40.82866034477948, -73.77824256370172 40.828694027213714, -73.77820315756256 40.82872742066662, -73.77816332692373 40.82876052162902, -73.77812307422121 40.828793327089784, -73.77808240431638 40.8288258342099, -73.778041320308 40.82885803964439, -73.77799982683648 40.828889940721346, -73.77795792766166 40.828921534264644, -73.77791562610352 40.8289528167622, -73.77787292658024 40.82898378604424, -73.77782983351345 40.82901443893592, -73.77778634978095 40.82904477225937, -73.77774248046381 40.82907478351107, -73.77769822976259 40.82910446968324, -73.77765360165681 40.82913382793518, -73.77760860012542 40.829162855593786, -73.77756322892573 40.82919155032049, -73.77751749314287 40.82921990843914, -73.7774713976347 40.82924792828344, -73.77742494572145 40.829275606341355, -73.77737814159997 40.82930294077777, -73.77733099079597 40.829329928084924, -73.7772834972853 40.829356566594846, -73.77723566438486 40.82938285380063, -73.77718749872156 40.829408786699254, -73.77713900339185 40.82943436278337, -73.77709018303385 40.8294595802188, -73.77704104251066 40.82948443583157, -73.77699158645763 40.829508928625046, -73.7769418195202 40.829533054587266, -73.77689174655484 40.82955681255455, -73.77684137264312 40.82958020002344, -73.77679070176102 40.82960321532604, -73.7767397383313 40.829625855119986, -73.77668848875663 40.82964811757455, -73.77663695612979 40.82967000135513, -73.77658514685514 40.82969150412844, -73.77653306468939 40.82971262389107, -73.77648071493647 40.82973335763748, -73.77642810267139 40.82975370487461, -73.77637523231478 40.82977366293026, -73.77632210960837 40.829793229804906, -73.77626873874839 40.82981240399866, -73.77621512569829 40.829831183177376, -73.77616127487259 40.82984956651166, -73.77610719157373 40.829867551498644, -73.77605288088131 40.82988513630506, -73.77599834787218 40.82990231993532, -73.77594359740482 40.82991910072329, -73.77588863566228 40.82993547667039, -73.77583346662034 40.829951446276354, -73.77577809646148 40.829967007710096, -73.77572252893592 40.82998216097862, -73.7756667711123 40.82999690308001, -73.77561082674595 40.8300112325135, -73.77555470245373 40.83002514945926, -73.77549840265604 40.83003865141276, -73.77544193264985 40.830051737546434, -73.77538529795555 40.830064406195554, -73.77532850409007 40.83007665670051, -73.77527155635329 40.83008848739617))",,178314,,,,,,0,0,HIGHLANDS-MARTHAS VYD FERRY RTE,2,,2,0,01/09/2017 12:00:00 AM +0000,02/13/2017 12:00:00 AM +0000,NV,14,13,13,,,,,RTE,,,MARTHA'S VYD-HIGHLANDS FERRY RTE,MARTHA'S VYD-HIGHLANDS FERRY,,9638.88889393
"MULTILINESTRING ((-74.15218496652557 40.61954944202278, -74.15166130314752 40.61998634639232))",,94775,,,,10314,10314,1622610685,1622602613,CYPRESS CREST LN,2,,5,30,11/29/2007 12:00:00 AM +0000,08/28/2020 12:00:00 AM +0000,TW,1,13,13,V,,,,LN,,,CYPRESS CREST LN,CYPRESS CREST,,215.571960994
"MULTILINESTRING ((-73.95474566492477 40.696994607088804, -73.95430689642816 40.69479056399901))",67,47311,131,72,134,11205,11205,1922612819,1922610413,WALWORTH ST,2,,3,24,11/29/2007 12:00:00 AM +0000,03/17/2017 12:00:00 AM +0000,TF,1,13,13,H,,,,ST,,,WALWORTH ST,WALWORTH,,812.163354016
"MULTILINESTRING ((-74.01057235584338 40.63796466414316, -74.00837574781073 40.6366365576289))",701,42619,799,700,798,11220,11220,1922608465,1922610898,58 ST,2,,3,30,11/29/2007 12:00:00 AM +0000,03/17/2017 12:00:00 AM +0000,FT,1,13,13,S,,,,ST,,,58 ST,58,,778.330709528
"MULTILINESTRING ((-73.84494326369322 40.83709322217198, -73.8458086379506 40.83751312146566))",1357,61335,1399,1358,1364,10461,10461,1422606148,1422602004,HERSCHELL ST,2,,2,30,11/29/2007 12:00:00 AM +0000,03/17/2017 12:00:00 AM +0000,TW,1,13,13,H,,,,ST,,,HERSCHELL ST,HERSCHELL,,284.155388517
"MULTILINESTRING ((-74.13609026778178 40.60413086111318, -74.13532248219795 40.604189662118465))",43,94303,69,44,60,10314,10314,1622612036,1622609781,PRESIDENT ST,2,,5,38,11/29/2007 12:00:00 AM +0000,03/17/2017 12:00:00 AM +0000,TW,1,13,13,S,,,,ST,,,PRESIDENT ST,PRESIDENT,,214.271871219
"MULTILINESTRING ((-73.92252465335248 40.85951850445461, -73.92239298148154 40.859437706451104, -73.921760963302 40.85862504145975, -73.92173050178266 40.85799553553433, -73.92181981024588 40.85786022354022))",,170875,,,,10040,10040,1322608184,1322600323,DRIVEWAY,2,,1,28,12/15/2015 12:00:00 AM +0000,09/12/2017 12:00:00 AM +0000,TW,8,13,13,,,,,,,,DRIVEWAY,DRIVEWAY,,675.330704056
"MULTILINESTRING ((-73.90122534987624 40.8354999107348, -73.90056610868113 40.836592508257226))",1431,35332,1499,0,0,10456,10456,1422605319,1422602301,FULTON AVE,2,,2,34,11/29/2007 12:00:00 AM +0000,08/28/2020 12:00:00 AM +0000,FT,1,13,13,C,,,,AVE,,,FULTON AVE,FULTON,,437.881875023
"MULTILINESTRING ((-73.97066323798025 40.62659864643485, -73.96955129451301 40.626722133719326))",601,43450,699,600,698,11230,11230,1822601216,1822608492,AVE I,2,,3,44,11/29/2007 12:00:00 AM +0000,08/28/2020 12:00:00 AM +0000,TW,1,13,13,C,,,,AVE,,,I AVE,I,,311.921357405
"MULTILINESTRING ((-73.77891535763352 40.701794825490566, -73.7787514314986 40.701573352946816))",0,103751,0,107-012,107-016,11433,11433,62265739,62262471,178 ST,2,,4,50,11/29/2007 12:00:00 AM +0000,03/17/2017 12:00:00 AM +0000,TW,1,13,13,H,,,,ST,,,178 ST,178,,92.6101835171
"MULTILINESTRING ((-73.93666142761384 40.85044732520501, -73.93620370000076 40.85136331508886, -73.93615190296994 40.85146696770021, -73.93571740885848 40.852335152313174))",2,183608,64,1,59,10033,10033,1322603480,1322603144,BENNETT AVE,2,,1,30,11/29/2007 12:00:00 AM +0000,08/28/2020 12:00:00 AM +0000,TF,1,13,13,H,,,,AVE,,,BENNETT AVE,BENNETT,,735.721079105
"MULTILINESTRING ((-74.10030339455496 40.6254964172927, -74.10210852537938 40.62530045962955))",2,96186,60,1,57,10301,10301,1622611887,1622602838,SILVER CT,2,,5,44,11/29/2007 12:00:00 AM +0000,03/17/2017 12:00:00 AM +0000,TW,1,13,13,H,,,,CT,,,SILVER CT,SILVER,,506.148541209
"MULTILINESTRING ((-73.97155530513315 40.592560457556175, -73.9706285787014 40.592663433337044))",313,39179,335,314,336,11223,11223,1822602298,1822600731,AVE W,2,,3,44,11/29/2007 12:00:00 AM +0000,08/28/2020 12:00:00 AM +0000,TW,1,13,13,C,,,AVE,,,,AVE W,W,,260.097328496
"MULTILINESTRING ((-73.78355276056253 40.757772743361535, -73.78338071525745 40.75775389674447))",,9677,,,,11358,11358,0,0,NORTHERN BLVD,2,,4,60,11/29/2007 12:00:00 AM +0000,04/15/2019 12:00:00 AM +0000,TW,1,13,13,C,,,,,E,,NORTHERN BL  E,NORTHERN BL,,48.1555830005
"MULTILINESTRING ((-73.9595835066948 40.61561981432337, -73.95902706972818 40.6156771695396))",1501,46804,1511,1500,1512,11230,11230,1822604552,1822603743,AVE N,2,,3,42,11/29/2007 12:00:00 AM +0000,08/28/2020 12:00:00 AM +0000,FT,1,13,13,C,,,AVE,,,,AVE N,N,,155.891337267
"MULTILINESTRING ((-73.84325158020903 40.72563673509544, -73.84103441720549 40.72629644389054))",110-001,14013,111-099,110-000,111-098,11375,11375,92264080,92265719,69 AVE,2,,4,30,11/29/2007 12:00:00 AM +0000,08/28/2020 12:00:00 AM +0000,FT,1,13,13,C,,,,AVE,,,69 AVE,69,,659.867714428
"MULTILINESTRING ((-73.94431476005776 40.76275349098546, -73.94426618982153 40.76272988287781, -73.94421734724007 40.762706603135875, -73.9441682340736 40.76268365410549, -73.94411885538804 40.76266103712901, -73.9440692147065 40.762638754218116, -73.94401931555217 40.762616807216965, -73.9439691627705 40.7625951976353, -73.94391875988521 40.76257392664723, -73.9438681104183 40.762552997437076, -73.94381721899612 40.76253241000683, -73.94376608892088 40.762512166870614, -73.94371472547844 40.762492269706016, -73.9436631315316 40.76247271951925, -73.94262818837811 40.76209591826289, -73.94247180541667 40.76199390314667))",,146179,,,,11106,11106,0,0,ROOSEVELT IS BR PED & BIKE PATH,2,4,4,0,06/04/2012 12:00:00 AM +0000,03/17/2017 12:00:00 AM +0000,NV,3,17,13,V,,,,PATH,,,ROOSEVELT IS BR PED & BIKE PATH,ROOSEVELT IS BR PED & BIKE,TW,582.553002336
"MULTILINESTRING ((-74.07278357547311 40.61452044211357, -74.07245782037174 40.61407824917956))",455,54216,467,462,478,10305,10305,1622610078,1622609842,TOMPKINS AVE,2,,5,30,11/29/2007 12:00:00 AM +0000,08/28/2020 12:00:00 AM +0000,TW,1,13,13,C,,,,AVE,,,TOMPKINS AVE,TOMPKINS,,184.753102668
"MULTILINESTRING ((-73.89302801266658 40.6723144910765, -73.89293680708649 40.67232804552531, -73.89285521112042 40.672340171796954, -73.89254729911185 40.67238592985013, -73.89246068645181 40.67239880101152, -73.89212328174933 40.67244894019676))",2153,70669,2175,2154,2176,11207,11207,2022602185,2022611444,PITKIN AVE,2,2,3,50,06/16/2009 12:00:00 AM +0000,08/28/2020 12:00:00 AM +0000,TW,1,13,13,C,,,,AVE,,,PITKIN AVE,PITKIN,TW,255.704060819
"MULTILINESTRING ((-73.9521197677625 40.69729733499779, -73.95206780106747 40.69707831544684, -73.95201499472522 40.69688688777055, -73.95190920811474 40.69674580754654))",,151483,,,,11206,11206,1922600380,1922600370,MARCY HOUSES PEDESTRIAN PATH,2,,3,18,08/22/2012 12:00:00 AM +0000,02/05/2016 12:00:00 AM +0000,NV,6,13,13,,,,,PATH,,,MARCY HOUSES PEDESTRIAN PATH,MARCY HOUSES PEDESTRIAN,,211.530541942
"MULTILINESTRING ((-73.83542931012362 40.68092410924105, -73.83446176733862 40.67894409850796))",107-001,93463,108-099,107-000,108-098,11417,11417,52261446,52260751,105 ST,2,,4,30,11/29/2007 12:00:00 AM +0000,03/17/2017 12:00:00 AM +0000,TF,1,13,13,S,,,,ST,,,105 ST,105,,769.675208
"MULTILINESTRING ((-73.93619686434418 40.60105507045556, -73.93611189736026 40.60059409975158, -73.9358039975266 40.598923666381964))",2101,48348,2199,2100,2198,11229,11229,22262130,22261415,BRAGG ST,2,,3,34,11/29/2007 12:00:00 AM +0000,03/17/2017 12:00:00 AM +0000,TF,1,13,13,S,,,,ST,,,BRAGG ST,BRAGG,,784.151504054
"MULTILINESTRING ((-73.8433543911407 40.8652112529296, -73.84168631278077 40.86517961133848))",1501,42052,1549,1500,1548,10469,10469,1522606711,1522611672,ALLERTON AVE,2,2,2,60,11/29/2007 12:00:00 AM +0000,08/28/2020 12:00:00 AM +0000,TW,1,13,13,C,,,,AVE,,,ALLERTON AVE,ALLERTON,TW,461.524047769
"MULTILINESTRING ((-73.9966427548502 40.595634135464, -73.99634201282112 40.59537962193965, -73.99607541909032 40.595154003897306))",2301,42533,2329,0,0,11214,11214,1822600695,1822610079,CROPSEY AVE,2,3,3,40,06/16/2009 12:00:00 AM +0000,04/15/2019 12:00:00 AM +0000,TF,1,13,13,C,,,,AVE,,,CROPSEY AVE,CROPSEY,TF,235.42096829
"MULTILINESTRING ((-73.72695636156034 40.69410695020632, -73.72702482770187 40.69351476193497, -73.72710202955645 40.69313226086881, -73.72723263664776 40.69274650091541, -73.72738230819992 40.69245760068407))",,99066,,,,11411,11411,72265217,72265745,CROSS ISLAND PKWY ET 25 B SB,2,,4,20,11/29/2007 12:00:00 AM +0000,03/17/2017 12:00:00 AM +0000,FT,9,13,13,C,,,,,,,CIP SB EXIT 25 B,CIP SB EXIT 25 B,,615.855052534
"MULTILINESTRING ((-74.01829783860896 40.644454279603444, -74.01820297428205 40.644404487303795))",,37037,,,,11220,11220,0,0,56 ST,2,,3,40,11/29/2007 12:00:00 AM +0000,03/17/2017 12:00:00 AM +0000,FT,1,13,13,C,,,,ST,,,56 ST,56,,31.9709598542
"MULTILINESTRING ((-73.85038129964073 40.745114689372365, -73.85037081223662 40.74508219152906, -73.85035977833923 40.74504979834878, -73.85034819771509 40.74501751602951, -73.85033607476095 40.744985348765, -73.85032340946356 40.7449533027535, -73.85031020489687 40.744921382689604, -73.85029646369163 40.74488959443995, -73.85028218649916 40.744857942528405, -73.85026737727216 40.74482643265583, -73.85025203710136 40.74479506984921, -73.85023616971988 40.744763859474055, -73.85021977709947 40.74473280655849, -73.85020286187417 40.74470191546144, -73.85018542777445 40.74467119272101, -73.85016747611382 40.74464064219184, -73.85014901062497 40.74461026940687, -73.85013003526235 40.74458007922929, -73.85011055133641 40.74455007685387, -73.85009056324246 40.744520266976814, -73.8500700736144 40.744490653957, -73.85004908728428 40.74446124416644, -73.85002760578647 40.74443204112491, -73.85000563329407 40.74440305036596, -73.8499831744241 40.74437427591597, -73.84996457648336 40.74434801503264, -73.84994547940384 40.7443219622339, -73.84992588736009 40.74429612238319, -73.84990580474343 40.744270501851986, -73.84988523528821 40.74424510533568, -73.84986418382745 40.74421993870371, -73.8498426547558 40.744195006819815, -73.84982065158464 40.744170315551735, -73.84979818025275 40.744145868760064, -73.84977524514983 40.74412167348636, -73.8497518508934 40.74409773342196, -73.8497280023182 40.74407405359867, -73.84970370403678 40.74405063988569, -73.84967896286737 40.74402749681484, -73.84965378210462 40.74400462857828, -73.84962816768264 40.74398204104691, -73.84960212553848 40.74395973875143, -73.84957566028947 40.74393772538315, -73.84954877874993 40.74391600714914, -73.84952148509777 40.74389458723763, -73.84949378592957 40.74387347068268, -73.84946568696016 40.74385266285237, -73.84943719391106 40.74383216609923, -73.84940831271504 40.74381198679674, -73.84937905019304 40.74379212813656, -73.84934941118205 40.7437725939778, -73.84931940382083 40.74375338918911, -73.84928903206526 40.743734517628475, -73.84925830449757 40.743715982824924, -73.84922722661395 40.74369778930857, -73.84919580457326 40.74367994077279, -73.84916404541656 40.743662440409516, -73.84913195574167 40.7436452925828, -73.84909954258958 40.74362850048461, -73.84906681233858 40.743612068143676, -73.84903377247127 40.74359599824994, -73.8490004295869 40.7435802944974, -73.84896678962392 40.74356496057915, -73.84893286182657 40.743549999355, -73.84889865213327 40.74353541451812, -73.84886416758788 40.74352120792023, -73.84882941566983 40.743507383591584, -73.84879440408145 40.74349394438999, -73.8487591394245 40.74348089283677))",7,177355,7,10,8,11355,11355,92262906,92267350,ZOO PATH,2,,4,24,11/29/2007 12:00:00 AM +0000,01/12/2017 12:00:00 AM +0000,NV,6,13,13,,,,,PATH,,,ZOO PATH,ZOO,,770.757525807
"MULTILINESTRING ((-74.03470524300107 40.63800139985099, -74.0347329017371 40.63795096257644, -74.03483558848865 40.63776302887637, -74.03484872205968 40.637740332157136, -74.03484892288793 40.63773999888209, -74.03487286562138 40.63770451093108))",,106928,,,,,,1922714786,1922714785,ALLEY,2,,3,8,11/29/2007 12:00:00 AM +0000,02/05/2016 12:00:00 AM +0000,TW,10,13,13,,,,,,,,ALLEY,ALLEY,,117.785755079
"MULTILINESTRING ((-73.8483989957266 40.88077166599357, -73.84874812758966 40.8814394484842))",3615,54462,3649,3618,3624,10469,10469,1522612466,1522600833,EASTCHESTER RD,2,,2,60,11/29/2007 12:00:00 AM +0000,03/17/2017 12:00:00 AM +0000,TW,1,13,13,C,,,,RD,,,EASTCHESTR RD,EASTCHESTR,,261.755022701
"MULTILINESTRING ((-73.91185042986687 40.887258742337565, -73.91170282710499 40.88746082470818, -73.91161664716695 40.88755939778355, -73.91145211183859 40.88771726355983, -73.91138660011507 40.88778011995394, -73.91138404637798 40.887782084706295, -73.9111538664912 40.88795916471059, -73.91094864459473 40.888096546631836, -73.91094377549658 40.88809946982633, -73.91066374646383 40.88826721170848, -73.9103431351073 40.888443404222826, -73.90975236196545 40.88871663736159, -73.9097445850945 40.88872054845644, -73.90950963573034 40.8888387066601, -73.9093539050946 40.88892889393222, -73.90906071464391 40.889127337463194, -73.90895108623016 40.889196534601886))",,39974,,,,10463,10463,1522600318,1522607813,HENRY HUDSON PKWY,2,,2,24,06/16/2009 12:00:00 AM +0000,03/17/2017 12:00:00 AM +0000,FT,2,13,13,C,,,,,,,N Y 9 A,N Y 9 A,,1080.93690349
"MULTILINESTRING ((-73.77146570708204 40.61175066686982, -73.7708867603103 40.612299707877426))",14-025,99733,14-099,14-024,14-098,11691,11691,12262869,12262871,BEACON PL,2,,4,30,11/29/2007 12:00:00 AM +0000,03/17/2017 12:00:00 AM +0000,TW,1,13,13,H,,,,PL,,,BEACON PL,BEACON,,256.61291178
"MULTILINESTRING ((-73.9210350736335 40.81165142603656, -73.92058708344143 40.81226350210869))",341,62180,391,354,374,10454,10454,1422604712,1422603138,WILLIS AVE,2,1,2,64,11/29/2007 12:00:00 AM +0000,08/28/2020 12:00:00 AM +0000,TW,1,13,13,C,,,,AVE,,,WILLIS AVE,WILLIS,TW,255.162909019
"MULTILINESTRING ((-73.98017128057526 40.60517880150862, -73.97912671896106 40.605068653994465))",283,47741,305,284,306,11223,11223,1822607186,1822608030,KINGS HWY,2,,3,42,11/29/2007 12:00:00 AM +0000,04/15/2019 12:00:00 AM +0000,TW,1,13,13,C,,,,,,,KINGSHIGWY,KINGSHIGWY,,292.811989235
"MULTILINESTRING ((-74.09183905206882 40.59763254245943, -74.09186387951206 40.59715608243532, -74.09207604607082 40.596650125156486))",23,98286,99,40,98,10304,10304,1622605302,1622611642,ALBRIGHT ST,2,,5,30,11/29/2007 12:00:00 AM +0000,03/17/2017 12:00:00 AM +0000,TW,1,13,13,H,,,,ST,,,ALBRIGHT ST,ALBRIGHT,,367.244367013
"MULTILINESTRING ((-73.92637970549279 40.66551489214158, -73.92454945864151 40.66386259188936))",1,72950,85,2,84,11212,11212,2022612223,2022604880,E 96 ST,2,,3,30,11/29/2007 12:00:00 AM +0000,03/17/2017 12:00:00 AM +0000,TF,1,13,13,C,,E,,ST,,,E  96 ST,96,,787.528235999
"MULTILINESTRING ((-74.1236259835953 40.61736933746949, -74.123576373111 40.616679618231004))",419,34919,449,422,446,10314,10314,1622608219,1622609416,MANOR RD,2,,5,30,11/29/2007 12:00:00 AM +0000,03/17/2017 12:00:00 AM +0000,TW,1,13,13,C,,,,RD,,,MANOR RD,MANOR,,251.659997717
"MULTILINESTRING ((-73.85595057883384 40.74526697592946, -73.85301192521125 40.74615466660704))",108-001,96460,110-099,108-000,110-098,11368,11368,92263357,92262916,49 AVE,2,,4,28,11/29/2007 12:00:00 AM +0000,08/28/2020 12:00:00 AM +0000,TF,1,13,13,S,,,,AVE,,,49 AVE,49,,876.149650819
"MULTILINESTRING ((-73.79334303282509 40.733549749893626, -73.79340666898877 40.73265432404178))",0,31044,0,68-000,68-098,11365,11365,82269236,82267881,UTOPIA PKWY,2,,4,32,11/29/2007 12:00:00 AM +0000,03/17/2017 12:00:00 AM +0000,FT,1,13,13,C,,,,PKWY,,,UTOPIA PKWY,UTOPIA,,326.708075412
"MULTILINESTRING ((-73.90786782033199 40.81383445810728, -73.90696621330811 40.81365190563529))",749,35893,775,746,774,10455,10455,1422602714,1422607877,E 150 ST,2,,2,30,11/29/2007 12:00:00 AM +0000,01/03/2019 12:00:00 AM +0000,FT,1,13,13,S,,E,,ST,,,E  150 ST,150,,258.282252012
"MULTILINESTRING ((-73.84175264541844 40.79152999421796, -73.8417948327836 40.79071952866361))",6-001,34113,6-099,6-000,6-098,11356,11356,112263801,112266154,126 ST,2,,4,30,11/29/2007 12:00:00 AM +0000,06/14/2018 12:00:00 AM +0000,FT,1,13,13,S,,,,ST,,,126 ST,126,,295.511512448
"MULTILINESTRING ((-73.79556934619369 40.59705168875896, -73.79571099653154 40.59840670854095))",601,92035,699,600,698,11692,11692,12261976,12262190,BCH 66 ST,2,,4,42,11/29/2007 12:00:00 AM +0000,08/28/2020 12:00:00 AM +0000,TW,1,13,13,S,,,,ST,,,B 66 ST,B 66,,495.233090459
"MULTILINESTRING ((-73.9055211884375 40.834846439903615, -73.90565452906498 40.83477773238435, -73.90573998786994 40.83464826618457, -73.90569758511582 40.834482262493424, -73.90582586440146 40.83422329497604))",,151290,,,,10456,10456,0,0,MORRIS I HOUSES PEDESTRIAN PATH,2,,2,0,08/21/2012 12:00:00 AM +0000,12/22/2015 12:00:00 AM +0000,NV,6,13,13,,,,,PATH,,,MORRIS I HOUSES PEDESTRIAN PATH,MORRIS I HOUSES PEDESTRIAN,,259.770626515
"MULTILINESTRING ((-73.85941988033252 40.72646483706038, -73.85901374360384 40.727108907301336))",95-001,33679,95-099,95-000,95-098,11374,11374,92264398,92265816,65 RD,2,,4,30,11/29/2007 12:00:00 AM +0000,03/17/2017 12:00:00 AM +0000,TW,1,13,13,S,,,,RD,,,65 RD,65,,260.258662065
"MULTILINESTRING ((-73.76223669236407 40.76806461152947, -73.76175566381296 40.767013770949504))",38-001,18531,38-099,38-000,38-098,11361,11361,112266261,112267539,222 ST,2,,4,30,11/29/2007 12:00:00 AM +0000,03/17/2017 12:00:00 AM +0000,TW,1,13,13,S,,,,ST,,,222 ST,222,,405.380014301
"MULTILINESTRING ((-73.91920697508935 40.80599770562919, -73.9190205479939 40.80570913656886, -73.91886468736581 40.8055854198414))",,151197,,,,10454,10454,0,0,MILL BROOK HOUSES PEDESTRIAN PTH,2,,2,0,08/20/2012 12:00:00 AM +0000,12/22/2015 12:00:00 AM +0000,NV,6,13,13,,,,,PTH,,,MILL BROOK HOUSES PEDESTRIAN PTH,MILL BROOK HOUSES PEDESTRIAN,,179.518464571
"MULTILINESTRING ((-73.8571567590571 40.83110226804164, -73.85513316363517 40.83138747908971))",2001,50660,2099,2000,2098,10472,10472,1422608097,1422604914,GLEASON AVE,2,,2,30,11/29/2007 12:00:00 AM +0000,08/28/2020 12:00:00 AM +0000,TF,1,13,13,S,,,,AVE,,,GLEASON AVE,GLEASON,,569.558978014
"MULTILINESTRING ((-73.93501858675332 40.61860011001416, -73.93430992378163 40.61906900484808))",4101,48721,4199,4100,4198,11234,11234,22261062,22262069,AVE P,2,,3,44,11/29/2007 12:00:00 AM +0000,08/28/2020 12:00:00 AM +0000,TW,1,13,13,C,,,,AVE,,,P AVE,P,,260.555044977
"MULTILINESTRING ((-73.93634304623872 40.74033952574041, -73.93603783141337 40.740262930094445, -73.93573892811423 40.7401724969682, -73.93544793595548 40.7400687039194))",31-001,11696,31-025,31-000,31-026,11101,11101,102263511,102262964,HUNTERS POINT AVE,2,,4,30,11/29/2007 12:00:00 AM +0000,08/28/2020 12:00:00 AM +0000,TW,1,13,13,C,,,,AVE,,,HUNTER'S POINT AVE,HUNTER'S POINT,,267.270763074
"MULTILINESTRING ((-73.88668537876362 40.75758572718269, -73.8862981599175 40.755460467040606))",32-001,71023,32-099,32-000,32-098,11370,11370,92264172,92266604,81 ST,2,2,4,30,11/29/2007 12:00:00 AM +0000,04/14/2020 12:00:00 AM +0000,TF,1,13,13,S,,,,ST,,,81 ST,81,TF,781.697628745
"MULTILINESTRING ((-73.90646886275114 40.80956257618929, -73.90625277684947 40.80971843885924))",0,75330,0,444,450,10455,10455,1422602306,1422607182,TIMPSON PL,2,,2,30,11/29/2007 12:00:00 AM +0000,01/09/2020 12:00:00 AM +0000,TW,1,13,13,S,,,,PL,,,TIMPSON PL,TIMPSON,,82.4795168
"MULTILINESTRING ((-73.88755962160597 40.73019705523814, -73.88745128856593 40.72988599469809, -73.88745122983644 40.72988582342839, -73.88745118235312 40.72988564329076, -73.8873609449584 40.72957082746774, -73.88736093336303 40.7295707823917, -73.88736092198788 40.72957073731589, -73.88728902570365 40.729252849834104, -73.88723573073811 40.72893296415889, -73.88720114129718 40.72861206966357))",54-001,32650,56-099,54-000,56-098,11373,11373,92262267,92261974,74 ST,2,,4,50,11/29/2007 12:00:00 AM +0000,03/17/2017 12:00:00 AM +0000,TW,1,13,13,C,,,,ST,,,74 ST,74,,587.095140835
"MULTILINESTRING ((-73.90250561439434 40.83735622518131, -73.90196742499428 40.837171329853284))",517,151330,529,518,528,10457,10457,1422604028,1422604621,E 171 ST,2,,2,52,06/16/2009 12:00:00 AM +0000,03/17/2017 12:00:00 AM +0000,FT,1,13,13,S,,E,,ST,,,E  171 ST,171,,163.44970796
"MULTILINESTRING ((-74.01006968341342 40.704545914131955, -74.00974639311217 40.70477524791872))",63,488,69,62,68,10004,10004,212260292,212260710,STONE ST,2,,1,14,11/29/2007 12:00:00 AM +0000,08/24/2017 12:00:00 AM +0000,FT,1,13,13,H,,,,ST,,,STONE ST,STONE,,122.538700052
"MULTILINESTRING ((-74.10072386258544 40.61523471209036, -74.10209434379627 40.614600490701925))",150,85847,186,143,199,10301,10301,1622600854,1622609833,VAN CORTLANDT AVE,2,,5,28,11/29/2007 12:00:00 AM +0000,08/28/2020 12:00:00 AM +0000,TF,1,13,13,C,,,,AVE,,,VAN CORTLANDT AVE,VAN CORTLANDT,,445.15765865
"MULTILINESTRING ((-74.1029799948023 40.62458080591216, -74.10250095902893 40.624629609799555))",1,63095,23,12,24,10301,10301,1622602850,1622611884,SUNSET HILL DR,2,,5,30,11/29/2007 12:00:00 AM +0000,12/10/2019 12:00:00 AM +0000,TW,1,13,13,H,,,,DR,,,SUNSET HILL DR,SUNSET HILL,,134.161110044
"MULTILINESTRING ((-73.96458421906716 40.661316592008106, -73.96458751048577 40.66029033137913, -73.96471508222761 40.6601465820777))",,184097,,,,11226,11226,1922615603,1922615713,WELLHOUSE DR,2,1,3,24,11/29/2007 12:00:00 AM +0000,04/26/2018 12:00:00 AM +0000,TW,1,13,13,V,,,,DR,,,WELL HOUSE DR,WELL HOUSE,TW,437.107125259
"MULTILINESTRING ((-73.79743301418002 40.74831083877009, -73.79658233209574 40.7476804329566))",170-023,82753,170-045,170-022,170-044,11365,11365,82261177,82261432,LITHONIA AVE,2,,4,30,11/29/2007 12:00:00 AM +0000,08/28/2020 12:00:00 AM +0000,TW,1,13,13,S,,,,AVE,,,LITHONIA AVE,LITHONIA,,329.104589722
"MULTILINESTRING ((-74.0068377870997 40.707857835737876, -74.00653116871753 40.70822712625459))",17,79723,25,18,24,10038,10038,212260036,212260051,GOLD ST,2,3,1,14,11/29/2007 12:00:00 AM +0000,04/19/2018 12:00:00 AM +0000,TF,1,13,13,H,,,,ST,,,GOLD ST,GOLD,TF,159.149458558
"MULTILINESTRING ((-73.8905840774742 40.56543942034602, -73.89057051146585 40.56540955495173))",,181749,,,,11697,11697,0,0,HARMONY RD,2,,4,0,11/29/2007 12:00:00 AM +0000,08/28/2020 12:00:00 AM +0000,TW,1,13,13,V,,,,LN,,,HARMONY LN,HARMONY,,11.5150449212
"MULTILINESTRING ((-73.91830353372775 40.83462491657232, -73.91798344351362 40.83449892613647))",0,61071,0,144,178,10452,10452,1422600475,1422607024,E 167 ST,2,3,2,20,11/29/2007 12:00:00 AM +0000,04/19/2018 12:00:00 AM +0000,FT,1,13,13,C,,E,,ST,,,E  167 ST,167,FT,99.7634430868
"MULTILINESTRING ((-73.88541181904755 40.82129845953062, -73.8858732803442 40.82242454520013))",941,50899,979,940,978,10474,10474,1422606129,1422604816,WHITTIER ST,2,,2,38,11/29/2007 12:00:00 AM +0000,04/15/2019 12:00:00 AM +0000,TF,1,13,13,C,,,,ST,,,WHITTIER ST,WHITTIER,,429.694244286
"MULTILINESTRING ((-73.90489548958583 40.63808403333843, -73.90412992443548 40.63857796289536))",8901,72039,8999,8900,8998,11236,11236,2022604185,2022608522,AVE J,2,,3,44,11/29/2007 12:00:00 AM +0000,08/28/2020 12:00:00 AM +0000,TW,1,13,13,C,,,AVE,,,,AVE J,J,,278.437463694
"MULTILINESTRING ((-73.93059322455552 40.71445148512408, -73.93000291689323 40.71438634486631))",0,89083,0,1148,1174,11237,11237,1922611764,1922602471,METROPOLITAN AVE,2,2,3,56,11/29/2007 12:00:00 AM +0000,08/28/2020 12:00:00 AM +0000,TW,1,13,13,C,,,,AVE,,,METROPOLITAN AVE,METROPOLITAN,TW,165.357541201
"MULTILINESTRING ((-73.8053036433487 40.71643981552887, -73.80524998286047 40.71643184495389, -73.80520869213788 40.716435143066654, -73.80499051768182 40.716473522607586, -73.80488877844482 40.716487200380094, -73.80483741750147 40.71649411026896))",,107585,,,,11432,11432,82270524,82270561,ALLEY,2,,4,8,11/29/2007 12:00:00 AM +0000,11/07/2015 12:00:00 AM +0000,TW,10,13,13,,,,,,,,ALLEY,ALLEY,,131.840318859
"MULTILINESTRING ((-73.92263934990525 40.84717687633181, -73.92231048299325 40.847379806480625))",,151836,,,,10452,10452,1522602451,1522604990,POPHAM AVE,2,,2,20,06/16/2009 12:00:00 AM +0000,08/28/2020 12:00:00 AM +0000,TF,1,13,13,H,,,,AVE,,,POPHAM AVE,POPHAM,,117.23926221
"MULTILINESTRING ((-73.93127380601044 40.746702458380675, -73.93133537504224 40.74640513887852))",42-001,26398,42-099,42-000,42-098,11101,11101,102265318,102267055,33 ST,2,,4,30,11/29/2007 12:00:00 AM +0000,03/17/2017 12:00:00 AM +0000,TW,1,13,13,S,,,,ST,,,33 ST,33,,109.658195292
"MULTILINESTRING ((-73.81926962287858 40.60861458161438, -73.81939296525057 40.60779094988312))",0,73335,0,701,709,11693,11693,22263093,22260655,CROSS BAY BLVD,2,2,4,42,11/29/2007 12:00:00 AM +0000,04/15/2019 12:00:00 AM +0000,FT,1,13,13,C,,,,BLVD,,,CROSS BAY BLVD,CROSS BAY,FT,302.0184283
"MULTILINESTRING ((-73.92683338930158 40.84622675661442, -73.92718050654439 40.8463884753896))",,174034,,,,10453,10453,1322602469,1322604976,WASHINGTON BRG,2,4,2,32,11/29/2007 12:00:00 AM +0000,08/28/2020 12:00:00 AM +0000,TF,3,17,17,C,,,,BRG,,,WASHINGTON BRG,WASHINGTON,TW,112.67138902
"MULTILINESTRING ((-73.88968095595996 40.86165820891958, -73.89027555570866 40.86110907284803))",,105679,,,,10458,10458,1522605931,1522603408,MILL RIVER RD,2,,2,12,11/29/2007 12:00:00 AM +0000,03/17/2017 12:00:00 AM +0000,NV,1,13,13,V,,,,RD,,,MILL RIVER RD,MILL RIVER,,258.997409526
"MULTILINESTRING ((-73.89747916736235 40.75114919750134, -73.89745865544597 40.75106339427365, -73.89739654523794 40.75080358138959, -73.89730930560381 40.75045856602123))",,155363,,,,11377,11377,92261000,92264207,BROOKLYN QUEENS EXPY,2,,4,30,11/29/2007 12:00:00 AM +0000,08/28/2020 12:00:00 AM +0000,FT,2,17,17,C,,,,,,,B Q E,B Q E,,255.986219559
"MULTILINESTRING ((-74.14934983504526 40.53431185410987, -74.14991646723557 40.53463853876629))",2,56796,34,1,35,10312,10312,1722603423,1722613084,THORNYCROFT AVE,2,,5,28,11/29/2007 12:00:00 AM +0000,08/28/2020 12:00:00 AM +0000,TW,1,13,13,H,,,,AVE,,,THORNY CROFT AVE,THORNY CROFT,,197.417689387
"MULTILINESTRING ((-73.911958105731 40.75539567788175, -73.91149800959847 40.754556603036285))",49-001,21512,49-099,49-000,49-098,11103,11103,102265496,102268129,NEWTOWN RD,2,,4,56,11/29/2007 12:00:00 AM +0000,03/17/2017 12:00:00 AM +0000,TW,1,13,13,C,,,,RD,,,NEWTOWN RD,NEWTOWN,,331.213839206
"MULTILINESTRING ((-73.89958604102141 40.67134095589905, -73.89926204792964 40.67007363809146))",199,75518,245,200,246,11207,11207,2022605149,2022610764,WILLIAMS AVE,2,,3,30,11/29/2007 12:00:00 AM +0000,08/28/2020 12:00:00 AM +0000,TF,1,13,13,S,,,,AVE,,,WILLIAMS AVE,WILLIAMS,,470.386066443
"MULTILINESTRING ((-73.93418045766155 40.665835079969725, -73.93424142978614 40.66583857278443, -73.93621718121535 40.665951655052396, -73.93688014046838 40.66597867643277, -73.93694519330045 40.66598129656226))",,107861,,,,11213,11213,2022700737,2022700102,ALLEY,2,,3,10,11/29/2007 12:00:00 AM +0000,02/05/2016 12:00:00 AM +0000,TW,10,13,13,,,,,,,,ALLEY,ALLEY,,768.882644137
"MULTILINESTRING ((-73.79461552995217 40.684107758405204, -73.79375535484971 40.682360352184006))",115-001,82534,115-099,115-000,115-098,11436,11436,62262408,62263071,148 ST,2,,4,30,11/29/2007 12:00:00 AM +0000,03/17/2017 12:00:00 AM +0000,FT,1,13,13,S,,,,ST,,,148 ST,148,,679.863463318
"MULTILINESTRING ((-73.87838200293469 40.72899579564967, -73.87823099310195 40.72912389755641, -73.87806374300214 40.729240921280635, -73.8778824724593 40.729345166029304, -73.87768978102245 40.729435279541626))",83-001,31722,83-099,83-020,83-098,11379,11379,92263334,92290400,58 AVE,2,,4,30,11/29/2007 12:00:00 AM +0000,08/28/2020 12:00:00 AM +0000,FT,1,13,13,H,,,,AVE,,,58 AVE,58,,251.341444205
"MULTILINESTRING ((-73.9358447072544 40.65754938576859, -73.93583587493848 40.6575456067677, -73.93582679370054 40.65754218664012, -73.93581748838828 40.65753913578633, -73.93580798473121 40.657536462597115, -73.93579830977994 40.65753417412366, -73.93578849014567 40.65753227691439, -73.93577855288092 40.6575307760102, -73.93576852503847 40.65752967628452, -73.93575843543321 40.65752898009878, -73.9357483115606 40.657528689478674, -73.93573818179722 40.65752880511017, -73.93572807363978 40.657529327678716, -73.93571801656832 40.657530254185296, -73.93493394163866 40.6575774660382, -73.93407289321394 40.65763320522557, -73.93327503261851 40.65769707630173, -73.93205948585968 40.657774991234746, -73.93190743894837 40.65653765254298))",,180050,,,,11203,11203,2022609529,2022603262,KINGSBORO PSYCHIATRIC CTR DVWY,2,,3,24,12/29/2015 12:00:00 AM +0000,04/13/2017 12:00:00 AM +0000,TW,8,13,13,,,,,DVWY,,,KINGSBORO PSYCHIATRIC CTR DVWY,KINGSBORO PSYCHIATRIC CTR,,1508.3458885
"MULTILINESTRING ((-73.95282301471167 40.73891247884995, -73.95270993920698 40.73926022227887))",,187991,,,,11222,11222,0,0,PULASKI BRIDGE BIKE PATH,2,1,3,0,02/21/2020 12:00:00 AM +0000,,NV,3,13,13,V,,,,PATH,,,PULASKI BR BIKE PATH,PULASKI BR BIKE,TW,130.51150915
"MULTILINESTRING ((-73.9306150566943 40.81935324723638, -73.93062100761621 40.81942062610153, -73.93062697112883 40.81948799609443, -73.9306832661842 40.820312957883736))",,50684,,,,10451,10451,1322600458,1422605452,MAJOR DEEGAN EXPY,2,,2,34,11/29/2007 12:00:00 AM +0000,08/28/2020 12:00:00 AM +0000,FT,2,17,17,C,,,,,,,MAJOR DEEGAN EXPRESS,MAJOR DEEGAN EXPRESS,,350.171508186
"MULTILINESTRING ((-74.12829305237025 40.55980240410995, -74.12888487055751 40.55925685993627))",230,59086,248,231,259,10306,10306,1722603648,1722601702,PLATT ST,2,,5,32,11/29/2007 12:00:00 AM +0000,03/17/2017 12:00:00 AM +0000,TW,1,13,13,S,,,,ST,,,PLATT ST,PLATT,,257.964912527
"MULTILINESTRING ((-73.95153193876695 40.74222717082159, -73.95140136647937 40.74220393534941))",11-001,7962,11-009,0,0,11101,11101,102268299,102268255,50 AVE,2,3,4,40,11/29/2007 12:00:00 AM +0000,08/28/2020 12:00:00 AM +0000,TW,1,13,13,C,,,,AVE,,,50 AVE,50,TW,37.1593828518
"MULTILINESTRING ((-73.86546044854106 40.83213164215125, -73.86579353986316 40.83413868498562))",1301,50539,1359,1300,1378,10472,10472,1422601408,1422607600,TAYLOR AVE,2,,2,30,11/29/2007 12:00:00 AM +0000,08/28/2020 12:00:00 AM +0000,TF,1,13,13,S,,,,AVE,,,TAYLOR AVE,TAYLOR,,737.02647401
"MULTILINESTRING ((-73.84721210933358 40.72828866735227, -73.84687326556201 40.727620434672225))",67-027,13840,67-049,67-028,67-048,11375,11375,92268544,92266306,108 ST,2,,4,45,11/29/2007 12:00:00 AM +0000,04/15/2019 12:00:00 AM +0000,TW,1,13,13,C,,,,ST,,,108 ST,108,,260.944221841
"MULTILINESTRING ((-74.11691099713379 40.56116177747483, -74.11668019804613 40.5610962828257, -74.11645432881205 40.56102067831704, -74.11623452466812 40.56093530576263, -74.11602184745101 40.56084062349145))",401,84583,429,400,434,10306,10306,1722610909,1722605752,OAK AVE,2,,5,30,11/29/2007 12:00:00 AM +0000,08/28/2020 12:00:00 AM +0000,TW,1,13,13,S,,,,AVE,,,OAK AVE,OAK,,273.926957525
"MULTILINESTRING ((-73.91779027736877 40.691459463648094, -73.91625677767455 40.69302171204558))",97,72929,159,98,160,11221,11221,2022603309,2022605836,WOODBINE ST,2,,3,28,11/29/2007 12:00:00 AM +0000,03/17/2017 12:00:00 AM +0000,TF,1,13,13,C,,,,ST,,,WOODBINE ST,WOODBINE,,710.495306939
"MULTILINESTRING ((-73.91689176370775 40.841347256649875, -73.91618344432074 40.84233490025414))",1473,35367,1499,1464,1498,10452,10452,1522612482,1522601961,JEROME AVE,2,,2,68,11/29/2007 12:00:00 AM +0000,08/28/2020 12:00:00 AM +0000,TW,1,13,13,H,,,,AVE,,,JEROME AVE,JEROME,,409.746227578
"MULTILINESTRING ((-73.94968682996546 40.79621698487826, -73.94918568582632 40.79600447773409, -73.94904329476765 40.795941273538325, -73.94808516529754 40.795536417729416))",1,179568,7,10,8,10029,10029,1322605102,1322606181,E 109 ST,2,,1,30,11/29/2007 12:00:00 AM +0000,03/28/2017 12:00:00 AM +0000,TF,1,13,13,C,,E,,ST,,,E  109 ST,109,,508.092565157
"MULTILINESTRING ((-73.86674371018373 40.7612501016895, -73.86634632337248 40.76128164501665))",102-051,9063,102-099,102-050,102-098,11369,11369,112268839,112268411,31 AVE,2,,4,44,11/29/2007 12:00:00 AM +0000,08/28/2020 12:00:00 AM +0000,FT,1,13,13,C,,,,AVE,,,31 AVE,31,,110.684715287
"MULTILINESTRING ((-73.93191507377053 40.8467105236121, -73.93185010295767 40.84680263276957))",,3904,,,,10033,10033,1322607017,1322608388,AMSTERDAM AVE,2,3,1,60,11/29/2007 12:00:00 AM +0000,08/28/2020 12:00:00 AM +0000,TW,1,13,13,C,,,,AVE,,,AMSTERDAM AVE,AMSTERDAM,TW,38.0698690576
"MULTILINESTRING ((-73.8057636493468 40.78931325156666, -73.80602233852794 40.78723973911374))",14-001,97577,14-071,14-000,14-070,11357,11357,112265911,112261198,156 ST,2,,4,24,11/29/2007 12:00:00 AM +0000,02/11/2020 12:00:00 AM +0000,TF,1,13,13,H,,,,ST,,,156 ST,156,,758.840420916
"MULTILINESTRING ((-73.91289485519265 40.77268452815094, -73.91335910964906 40.77230357827777, -73.91431027353217 40.7715230667275))",23-041,82121,23-099,23-040,23-098,11105,11105,102267657,102265098,33 ST,2,,4,36,11/29/2007 12:00:00 AM +0000,03/17/2017 12:00:00 AM +0000,FT,1,13,13,S,,,,ST,,,33 ST,33,,576.855366299
"MULTILINESTRING ((-73.99574855573138 40.749052196220944, -73.99529821527037 40.74967168209748))",383,1121,401,380,400,10001,10001,1222602213,1222602759,8 AVE,2,1,1,68,11/29/2007 12:00:00 AM +0000,08/28/2020 12:00:00 AM +0000,FT,1,13,13,C,,,,AVE,,,EIGHTH AVE,EIGHTH,FT,257.894368484
"MULTILINESTRING ((-73.96106754453669 40.76085809262594, -73.95880955474563 40.75991278601397))",401,21835,499,400,498,10065,10065,1222605088,1222604842,E 61 ST,2,,1,35,11/29/2007 12:00:00 AM +0000,03/17/2017 12:00:00 AM +0000,TF,1,13,13,C,,E,,ST,,,E  61 ST,61,,714.075355588
"MULTILINESTRING ((-73.85078601824983 40.83748790746737, -73.85100798435569 40.83764745583972))",,56201,,,,10462,10462,1422601380,1422601346,GLOVER ST,2,,2,30,11/29/2007 12:00:00 AM +0000,03/17/2017 12:00:00 AM +0000,TF,1,13,13,S,,,,ST,,,GLOVER ST,GLOVER,,84.5661737046
"MULTILINESTRING ((-73.84694843819304 40.74379560559214, -73.84689996093407 40.743689371404216))",,7136,,,,11355,11355,92260988,92265683,GRAND CENTRAL PKWY,2,,4,60,11/29/2007 12:00:00 AM +0000,03/17/2017 12:00:00 AM +0000,FT,2,13,13,C,,,,,,,GCP,GCP,,40.9693038881
"MULTILINESTRING ((-73.91387690387846 40.61543180665265, -73.91219804885482 40.61392229883567))",2101,70713,2185,2100,2182,11234,11234,22261855,22260919,MILL AVE,2,,3,80,11/29/2007 12:00:00 AM +0000,08/28/2020 12:00:00 AM +0000,TW,1,13,13,C,,,,AVE,,,MILL AVE,MILL,,720.907142084
"MULTILINESTRING ((-73.87008680132811 40.66803870466719, -73.8700083086886 40.668098897967305, -73.86980873525816 40.66825194356301, -73.86967662750403 40.668341529730284, -73.8696529848478 40.66835805053098, -73.86962900390998 40.66837428731843, -73.86960469196129 40.668390234907235, -73.86958005384838 40.668405890119686, -73.86955509618036 40.66842124860734, -73.86952982490367 40.668436307361226, -73.86950424640807 40.66845106169757, -73.86947836620034 40.668465508439425, -73.8694521917684 40.66847964390945, -73.86942572905878 40.66849346509868, -73.8693989848997 40.668506968161545, -73.86937196523839 40.66852014975401, -73.86934467734086 40.66853300720372, -73.86931712759538 40.668545536664574, -73.86928932238858 40.66855773512815, -73.86926127008792 40.6685695992532, -73.86884295908753 40.668661543155835, -73.86854797686873 40.66869900097849, -73.86836398054677 40.66872197898946, -73.86832941339517 40.668726882849846))",,172130,,,,11208,11208,2022613704,2022600281,LINDEN BLVD,2,,3,32,11/29/2007 12:00:00 AM +0000,01/09/2020 12:00:00 AM +0000,TF,1,13,13,C,,,,BLVD,,,LINDEN BLVD,LINDEN,,566.211857214
"MULTILINESTRING ((-73.76526692862191 40.652478508527096, -73.76533595254416 40.65251253224606, -73.76540467990475 40.65254690277316, -73.76547310763242 40.65258161792478, -73.76554123353229 40.65261667652432, -73.76560905365028 40.65265207722396, -73.76567656469456 40.65268781800721, -73.7657437655694 40.65272389786723, -73.76581065100322 40.65276031478347, -73.76587721946149 40.65279706741308, -73.76594346853213 40.6528341537414, -73.76600939403806 40.65287157325788, -73.76607499356892 40.65290932344522, -73.7661402640521 40.652947402454906, -73.76620520329303 40.65298580894283, -73.76626980843845 40.65302454122845, -73.76633407597396 40.653063597964916, -73.76639800304919 40.65310297663413, -73.76646158790764 40.65314267639542, -73.76652482659672 40.653182695398485, -73.76658771758633 40.65322303096036, -73.76665025735963 40.65326368240433, -73.76671244262617 40.65330464721141, -73.76677427185052 40.65334592420628, -73.76683574151929 40.65338751170715, -73.76689684922297 40.653429406861704, -73.7669575927656 40.65347160866089, -73.76701796907481 40.65351411508871, -73.76707797463654 40.653556924630884, -73.76713760792163 40.653600034269346, -73.76719686695047 40.65364344400067, -73.76725574733724 40.65368714996341, -73.76731424820446 40.65373115148624, -73.76737236560034 40.65377544638386, -73.76743009777213 40.653820032642955, -73.76748744274657 40.653864908417326, -73.76754439679114 40.65391007168964, -73.76760095771432 40.653955520110635, -73.76765712354036 40.65400125250421, -73.7677128914207 40.65404726568211, -73.7677682589373 40.65409355913748, -73.76782322412198 40.65414012951632, -73.76787778477839 40.65418697580961, -73.76793193717506 40.65423409566498, -73.76798568022124 40.65428148640036, -73.76803901150059 40.654329147006244, -73.76809192728385 40.6543770744602, -73.76814442713724 40.654425266919084, -73.76819650754737 40.65447372253355, -73.76824816676235 40.65452243895527, -73.76829940280676 40.65457141484058, -73.76835021261235 40.6546206468333, -73.76840059442539 40.654670133087606))",0,20935,0,250,250,11430,11430,32261456,32260305,EASTERN RD,2,,4,35,11/29/2007 12:00:00 AM +0000,07/10/2019 12:00:00 AM +0000,TW,1,13,13,V,,,,RD,,,EASTERN RD,EASTERN,,1186.33034562
"MULTILINESTRING ((-73.8996715580021 40.855668908397206, -73.89906700634836 40.85711882035199))",2231,97998,2299,2230,2298,10457,10457,1522608133,1522604663,RYER AVE,2,,2,30,11/29/2007 12:00:00 AM +0000,08/28/2020 12:00:00 AM +0000,TF,1,13,13,C,,,,AVE,,,RYER AVE,RYER,,554.09880258
"MULTILINESTRING ((-74.10608995766407 40.581832989160056, -74.10674914632898 40.581339800312186))",0,63908,0,1015,1039,10306,10306,1722605342,1722609437,N RAILROAD AVE,2,2,5,30,11/29/2007 12:00:00 AM +0000,08/28/2020 12:00:00 AM +0000,FT,1,13,13,C,,N,,AVE,,,N  RAILROAD AVE,RAILROAD,FT,256.539896822
"MULTILINESTRING ((-74.13495514858043 40.577951253700064, -74.13822933957697 40.57713909439506))",226,69322,334,225,329,10306,10306,1722613708,1722608394,EDINBORO RD,2,,5,20,11/29/2007 12:00:00 AM +0000,03/17/2017 12:00:00 AM +0000,TW,1,13,13,C,,,,RD,,,EDINBORO RD,EDINBORO,,956.457035698
"MULTILINESTRING ((-74.06017692705574 40.59973945974882, -74.05969689841224 40.599839668565))",,104354,,,,10305,10305,0,0,UNNAMED ST,2,,5,0,11/29/2007 12:00:00 AM +0000,03/17/2017 12:00:00 AM +0000,TW,1,13,13,V,,,,ST,,,UNNAMED ST,UNNAMED,,138.211865272
"MULTILINESTRING ((-73.83366912837135 40.68142057163015, -73.83279303943576 40.68167297753004))",107-001,5315,107-099,107-000,107-098,11417,11417,62260471,62262759,107 AVE,2,,4,45,11/29/2007 12:00:00 AM +0000,08/28/2020 12:00:00 AM +0000,TW,1,13,13,C,,,,AVE,,,107 AVE,107,,259.808598555
"MULTILINESTRING ((-73.94324542439227 40.76790621913489, -73.94299356982305 40.76819089133, -73.94297950727766 40.76820822445321, -73.9429649863737 40.768225337386525, -73.94295001284526 40.768242223934166, -73.94293459264823 40.76825887622521, -73.94291873283939 40.768275287394424, -73.94290243937267 40.768291451916205, -73.94288571864459 40.768307362087384, -73.94286857793176 40.76832301171293, -73.94285102451099 40.768338394430295, -73.94283306477756 40.768353504043986, -73.94281470666934 40.768368334191806, -73.94279595746262 40.76838287918129, -73.94277682509605 40.76839713181261, -73.9427573175057 40.76841108790137, -73.94258900640158 40.76852492296421))",,132316,,,,10044,10044,0,0,ROOSEVELT ISLAND GREENWAY,2,1,1,0,05/24/2011 12:00:00 AM +0000,04/19/2018 12:00:00 AM +0000,NV,6,13,13,,,,,,,,ROOSEVELT IS GREENWAY,ROOSEVELT IS GREENWAY,TW,291.270268205
"MULTILINESTRING ((-73.92266486034698 40.73453633973363, -73.92251696012853 40.73443838203434))",,11034,,,,11378,11378,82260406,102260837,LONG ISLAND EXPY,2,,4,36,11/29/2007 12:00:00 AM +0000,04/15/2019 12:00:00 AM +0000,FT,2,13,13,C,,,,EXPY,,,LI EXPY,LI,,54.3487024335
"MULTILINESTRING ((-73.93048219248229 40.72732909645992, -73.93072254300613 40.72784107269007))",497,70440,517,494,508,11222,11222,1922615030,1922604318,SCOTT AVE,2,,3,30,11/29/2007 12:00:00 AM +0000,08/28/2020 12:00:00 AM +0000,TW,1,13,13,V,,,,AVE,,,SCOTT AVE,SCOTT,,198.067761319
"MULTILINESTRING ((-74.00679907002781 40.73572292371414, -74.006620319663 40.736431696922914))",752,474,770,753,769,10014,10014,1222602864,1222602012,GREENWICH ST,2,2,1,38,11/29/2007 12:00:00 AM +0000,01/03/2019 12:00:00 AM +0000,FT,1,13,13,S,,,,ST,,,GREENWICH ST,GREENWICH,FT,262.936961672
"MULTILINESTRING ((-73.94990560557079 40.74780583280551, -73.95012543744542 40.74711258370337))",0,8329,0,45-000,45-020,11101,11101,102260924,102267598,11 ST,2,2,4,30,11/29/2007 12:00:00 AM +0000,04/14/2020 12:00:00 AM +0000,FT,1,13,13,C,,,,ST,,,11 ST,11,FT,259.813987428
"MULTILINESTRING ((-73.85215641756652 40.90424547547275, -73.8518465789276 40.90460155243289, -73.8515537958888 40.90496634955476, -73.85127868848863 40.90533913820651, -73.8510218160846 40.905719189508446, -73.85078365538942 40.90610572103132))",4701,57466,4799,4700,4798,10470,10470,1522605074,1522610887,MATILDA AVE,2,,2,28,11/29/2007 12:00:00 AM +0000,08/28/2020 12:00:00 AM +0000,FT,1,13,13,S,,,,AVE,,,MATILDA AVE,MATILDA,,777.802676216
"MULTILINESTRING ((-73.99885784318774 40.70845537922061, -73.99880450295242 40.70848368991413, -73.99837261642809 40.708668100244026))",,176643,,,,10038,10038,212260069,212262080,FRANKLIN D ROOSEVELT DR,2,,1,12,11/29/2007 12:00:00 AM +0000,08/28/2020 12:00:00 AM +0000,TF,2,17,17,C,,,,DR,,,F ROOSEVELT DR,F ROOSEVELT,,155.33004268
"MULTILINESTRING ((-73.74532770333595 40.6383722119698, -73.74676441700198 40.63759615379769, -73.74699518373022 40.636890834163424))",155-001,93163,155-063,155-000,155-064,11422,11422,32261102,32264217,BROAD ST,2,,4,20,11/29/2007 12:00:00 AM +0000,03/17/2017 12:00:00 AM +0000,TW,1,13,13,H,,,,ST,,,BROAD ST,BROAD,,753.641201098
"MULTILINESTRING ((-73.87920043091658 40.72500849802659, -73.87875486840093 40.72521492150625, -73.87836814528673 40.72539408465021))",80-001,9888,80-099,80-000,80-098,11379,11379,92263860,92266988,ELIOT AVE,2,2,4,50,11/29/2007 12:00:00 AM +0000,08/28/2020 12:00:00 AM +0000,TW,1,13,13,C,,,,AVE,,,ELIOT AVE,ELIOT,TW,270.097478861
"MULTILINESTRING ((-73.93454533293875 40.814858247800224, -73.93437662519945 40.814863473986655))",,131341,,,,10037,10037,0,0,BIKE PATH,2,1,1,0,05/13/2011 12:00:00 AM +0000,04/14/2020 12:00:00 AM +0000,NV,6,13,13,,,,,PATH,,,BIKE PATH,BIKE,TW,46.7376276562
"MULTILINESTRING ((-74.13609497289907 40.63678218772406, -74.13612394244589 40.63606736556546))",151,60706,199,160,180,10302,10302,1622606035,1622605004,FABER ST,2,,5,34,11/29/2007 12:00:00 AM +0000,03/17/2017 12:00:00 AM +0000,TW,1,13,13,S,,,,ST,,,FABER ST,FABER,,260.553093841
"MULTILINESTRING ((-73.87611895725796 40.64322895414109, -73.87610050256256 40.64326098347567, -73.87608204764476 40.6432930045981))",,37555,,,,11234,11234,42261145,2022609266,BELT PKWY,2,,3,32,11/29/2007 12:00:00 AM +0000,03/17/2017 12:00:00 AM +0000,FT,2,9,9,C,,,,PKWY,,,BELT PKWY,BELT,,25.484453283
"MULTILINESTRING ((-73.88326524468019 40.71475042798359, -73.88238948343235 40.714836454029005))",72-001,31815,72-021,71-024,72-022,11379,11379,92262803,92262565,JUNIPER VALLEY RD,2,,4,40,11/29/2007 12:00:00 AM +0000,08/26/2019 12:00:00 AM +0000,TW,1,13,13,C,,,,RD,,,JUNIPER VALLEY RD,JUNIPER VALLEY,,244.792633702
"MULTILINESTRING ((-74.23994755952435 40.517253235361316, -74.23923276732565 40.51652688148755))",87,92124,111,84,110,10307,10307,1722600752,1722605543,HECKER ST,2,,5,38,11/29/2007 12:00:00 AM +0000,03/17/2017 12:00:00 AM +0000,TW,1,13,13,C,,,,ST,,,HECKER ST,HECKER,,330.947552729
"MULTILINESTRING ((-73.98233704206189 40.6409761810143, -73.98014087200363 40.63964428926592))",1401,94542,1499,1400,1498,11218,11218,1922606527,1922612074,36 ST,2,,3,30,11/29/2007 12:00:00 AM +0000,10/13/2017 12:00:00 AM +0000,TF,1,13,13,C,,,,ST,,,36 ST,36,,779.072269819
"MULTILINESTRING ((-74.01030782032839 40.64874344057236, -74.0102481435529 40.648707379915265, -74.01017926721657 40.648665854264046))",,51260,,,,11220,11220,0,0,46 ST,2,,3,40,11/29/2007 12:00:00 AM +0000,01/03/2019 12:00:00 AM +0000,FT,1,13,13,S,,,,ST,,,46 ST,46,,45.5143750726
"MULTILINESTRING ((-74.15797566900122 40.6229155245507, -74.15804851019467 40.62271249234132))",72,101951,80,0,0,10303,10303,1622602434,1622612119,ADRIANNE LN,2,,5,30,11/29/2007 12:00:00 AM +0000,08/28/2020 12:00:00 AM +0000,TW,1,13,13,V,,,,LN,,,ADRIENNE LN,ADRIENNE,,76.6840571637
"MULTILINESTRING ((-73.92459107319249 40.64664465671079, -73.9244366107178 40.64665409171077))",,68815,,,,11203,11203,0,0,BEVERLEY RD,2,,3,44,11/29/2007 12:00:00 AM +0000,08/28/2020 12:00:00 AM +0000,TW,1,13,13,C,,,,RD,,,BEVERLEY RD,BEVERLEY,,43.0013671162
"MULTILINESTRING ((-73.92482055857822 40.84470514260785, -73.924347808119 40.84470091849611, -73.92382233415807 40.84469622124092))",,41301,,,,10452,10452,1322600033,1322605508,CROSS BRONX EXPY,2,,2,36,11/29/2007 12:00:00 AM +0000,08/28/2020 12:00:00 AM +0000,FT,2,13,13,C,,,,,,,CBE,CBE,,276.20685051
"MULTILINESTRING ((-73.76174798002303 40.60369566473548, -73.76220303470895 40.60495898538043))",10-043,16263,10-099,10-042,10-098,11691,11691,12263523,12263603,BAY 24 ST,2,,4,30,11/29/2007 12:00:00 AM +0000,03/17/2017 12:00:00 AM +0000,TW,1,13,13,S,,,,ST,,,BAY 024 ST,BAY 024,,477.290391101
"MULTILINESTRING ((-73.751230818192 40.77193393199018, -73.75064016272985 40.771827493982144))",38-045,27552,38-047,38-028,38-046,11363,11363,112265217,112262883,WEST DR,2,,4,24,11/29/2007 12:00:00 AM +0000,03/17/2017 12:00:00 AM +0000,TW,1,13,13,C,,,,DR,,,WEST DR,WEST,,168.134003175
"MULTILINESTRING ((-73.83079132646064 40.82698008134388, -73.83115827024496 40.82710036747257, -73.83213859255896 40.82824584378995))",0,58662,0,900,998,10465,10465,1422603534,1422605158,BALCOM AVE,2,,2,36,11/29/2007 12:00:00 AM +0000,08/28/2020 12:00:00 AM +0000,FT,1,13,13,C,,,,AVE,,,BALCOM AVE,BALCOM,,608.377989457
"MULTILINESTRING ((-73.87147423505712 40.57134777993862, -73.87264057933854 40.57078324232528))",,14701,,,,11694,11694,12260890,12261074,BCH CHANNEL DR,2,,4,45,11/29/2007 12:00:00 AM +0000,08/28/2020 12:00:00 AM +0000,FT,1,13,13,C,,,BCH,DR,,,BCH CHANNEL DR,CHANNEL,,383.794040182
"MULTILINESTRING ((-73.88621898975443 40.635058742907404, -73.88531978217323 40.63563420500593))",,155124,,,,11236,11236,0,0,BAY VIEW HOUSES PEDESTRIAN PATH,2,,3,0,11/16/2012 12:00:00 AM +0000,02/05/2016 12:00:00 AM +0000,NV,6,13,13,,,,,PATH,,,BAY VIEW HOUSES PEDESTRIAN PATH,BAY VIEW HOUSES PEDESTRIAN,,325.949960624
"MULTILINESTRING ((-73.83796488696848 40.65944928046898, -73.8375549311195 40.65777688129929))",159-001,84065,159-099,159-000,159-098,11414,11414,42261722,42262976,95 ST,2,,4,30,11/29/2007 12:00:00 AM +0000,03/17/2017 12:00:00 AM +0000,TF,1,13,13,S,,,,ST,,,95 ST,95,,619.827483167
"MULTILINESTRING ((-73.93863715902025 40.750258798917415, -73.93798209237035 40.749972087267004, -73.93781162708929 40.74989747822046))",28-001,11415,28-099,0,0,11101,11101,102262753,102269021,QUEENS PLZ N,2,1,4,50,11/29/2007 12:00:00 AM +0000,04/15/2019 12:00:00 AM +0000,TF,1,13,13,C,,,,PLZ,N,,QUEENS PLZ N,QUEENS,TW,263.908558082
"MULTILINESTRING ((-73.9090225278503 40.8626828091028, -73.9089544283686 40.8627831794907, -73.90898364865087 40.86301073383417, -73.90905947641701 40.86309921016515))",,166780,,,,10468,10468,1322607483,1322605778,SEDGWICK AVE,2,,2,28,06/23/2015 12:00:00 AM +0000,04/15/2019 12:00:00 AM +0000,FT,1,13,13,C,,,,AVE,,,SEDGWICK AVE,SEDGWICK,,162.893229026
"MULTILINESTRING ((-73.88006432082656 40.667508286297014, -73.87921620587511 40.66787182897503))",833,74165,857,834,858,11208,11208,2022604927,2022604796,NEW LOTS AVE,2,3,3,36,11/29/2007 12:00:00 AM +0000,08/28/2020 12:00:00 AM +0000,TW,1,13,13,C,,,,AVE,,,NEW LOTS AVE,NEW LOTS,TW,269.998848704
"MULTILINESTRING ((-73.89730701382749 40.85651028215341, -73.89726200671942 40.856577521310804))",2285,119498,2285,2284,2300,10458,10458,1522611370,1522608204,TIEBOUT AVE,2,,2,30,11/29/2007 12:00:00 AM +0000,08/28/2020 12:00:00 AM +0000,TF,1,13,13,C,,,,AVE,,,TIEBOUT AVE,TIEBOUT,,27.4800412502
"MULTILINESTRING ((-73.86105619622101 40.752797193000774, -73.85999430533985 40.75311225558458))",107-001,97962,107-099,107-000,107-098,11368,11368,92262946,92267979,37 DR,2,,4,30,11/29/2007 12:00:00 AM +0000,03/17/2017 12:00:00 AM +0000,TF,1,13,13,H,,,,DR,,,37 DR,37,,315.807818366
"MULTILINESTRING ((-73.86339058699102 40.75595331558399, -73.86324200921653 40.75513177856409))",34-001,34626,34-099,34-000,34-098,11368,11368,92266006,92263146,105 ST,2,,4,30,11/29/2007 12:00:00 AM +0000,12/17/2019 12:00:00 AM +0000,FT,1,13,13,C,,,,ST,,,105 ST,105,,302.129916489
"MULTILINESTRING ((-73.84215802163922 40.668701447728004, -73.84117399185742 40.66850744220874, -73.84110240774832 40.66850176048215, -73.84102049057438 40.66850927453072, -73.84093420123247 40.66853504505655, -73.84085411803443 40.66858185140128, -73.84079301858515 40.66864750441263, -73.84076080947392 40.66872413915117, -73.84075979757262 40.66880101458261, -73.84078458945532 40.668869010884094, -73.84082592405849 40.66892338724604, -73.84087489714157 40.66896354632667, -73.8409671755015 40.669040208999135, -73.84107307422674 40.669108515345634, -73.84119049404474 40.6691664633174, -73.84131668196113 40.669212518712484, -73.84144845925339 40.66924568669501, -73.8415824915631 40.66926564636144, -73.84167903983342 40.66927127318804, -73.84178248924852 40.669262244178, -73.8418870174945 40.66923609333778, -73.84198530885335 40.669192264642106, -73.84206984324973 40.66913261036157, -73.84213472083665 40.66906132420407, -73.84217691054282 40.66898394622115, -73.84219661608142 40.668906094606164, -73.84219658215966 40.6688323657524))",,91292,,,,11417,11417,42260560,42262367,N CONDUIT AVE EN CROSS BAY BLVD,2,,4,22,11/29/2007 12:00:00 AM +0000,08/28/2020 12:00:00 AM +0000,TF,9,13,13,C,,,,,,,N CONDUIT AVE EN CROSS BAY BLVD,N CONDUIT AVE EN CROSS BAY BLVD,,1031.88595695
"MULTILINESTRING ((-73.96110997058013 40.76906440780265, -73.9606018063753 40.76974918670643))",1230,3667,1248,1231,1249,10021,10021,1222601548,1222604916,3 AVE,2,,1,70,11/29/2007 12:00:00 AM +0000,08/28/2020 12:00:00 AM +0000,FT,1,13,13,C,,,,AVE,,,3 AVE,3,,286.455576401
"MULTILINESTRING ((-74.17855231777668 40.607565778495996, -74.1782831952188 40.60732920520565, -74.17822216286703 40.6072747013705, -74.17814556665283 40.60720587608777, -74.17773740778873 40.60683910319382, -74.17744484989944 40.60657619705805))",,68365,,,,10314,10314,1622600906,1622611223,TELEPORT DR,2,,5,36,11/29/2007 12:00:00 AM +0000,03/17/2017 12:00:00 AM +0000,TF,1,13,13,V,,,,DR,,,TELEPORT DR,TELEPORT,,473.864620782
"MULTILINESTRING ((-73.93483229160476 40.814055471812985, -73.93469166469954 40.814230630076366))",,72676,,,,10037,10037,1322603232,1322605617,HARLEM RIVER DR,2,,1,38,11/29/2007 12:00:00 AM +0000,03/17/2017 12:00:00 AM +0000,TF,1,13,13,C,,,,DR,,,HARLEM RIV DR,HARLEM RIV,,74.7515848965
"MULTILINESTRING ((-74.15439620114735 40.552839753206364, -74.15437140482229 40.55278286516853))",,165186,,,,10308,10308,1722700523,1722700521,KATAN LOOP,2,,5,20,11/29/2007 12:00:00 AM +0000,03/17/2017 12:00:00 AM +0000,TW,1,13,13,V,,,,LOOP,,,KATAN LOOP,KATAN,,21.841152369
"MULTILINESTRING ((-73.89080782663477 40.75157571533915, -73.89092217093153 40.75225251789928))",,108144,,,,,,92270594,92270274,ALLEY,2,,4,20,11/29/2007 12:00:00 AM +0000,11/07/2015 12:00:00 AM +0000,TW,10,13,13,,,,,,,,ALLEY,ALLEY,,248.607891208
"MULTILINESTRING ((-74.09024241180502 40.59173403812963, -74.09075425643248 40.591159875591906))",2,86090,28,1,23,10305,10305,1722601644,1722609035,HENRY PL,2,,5,30,11/29/2007 12:00:00 AM +0000,03/17/2017 12:00:00 AM +0000,TW,1,13,13,S,,,,PL,,,HENRY PL,HENRY,,252.913734078
"MULTILINESTRING ((-73.76118631671221 40.71338193242503, -73.76077556463746 40.71338778891115))",0,6552,0,198-000,198-008,11423,11423,72268163,72261593,JAMAICA AVE,2,,4,32,11/29/2007 12:00:00 AM +0000,08/28/2020 12:00:00 AM +0000,FT,1,13,13,C,,,,AVE,,,JAMAICA AVE,JAMAICA,,113.890797614
"MULTILINESTRING ((-73.83694456042157 40.82882144785186, -73.83641785230809 40.82893132780148))",,77257,,,,10465,10465,1322600033,1422601568,CROSS BRONX EXPWY ET 6 B EB,2,,2,24,11/29/2007 12:00:00 AM +0000,04/15/2019 12:00:00 AM +0000,FT,9,17,17,C,,,,,,,INTERSTATE 95 EXIT 6 B NB,INTERSTATE 95 EXIT 6 B NB,,151.161275938
"MULTILINESTRING ((-74.13007173885158 40.55778472751126, -74.12960724895947 40.55748509822142))",171,59155,179,170,184,10306,10306,1722609904,1722611076,BUFFALO ST,2,,5,30,11/29/2007 12:00:00 AM +0000,03/17/2017 12:00:00 AM +0000,TW,1,13,13,C,,,,ST,,,BUFFALO ST,BUFFALO,,169.042118249
"MULTILINESTRING ((-73.80749294356158 40.7387906842098, -73.80656916166264 40.73879133377817))",161-001,11324,161-099,0,0,11365,11365,82268982,82264551,HORACE HARDING EXPY,2,,4,32,11/29/2007 12:00:00 AM +0000,03/17/2017 12:00:00 AM +0000,TF,1,13,13,C,,,,,,,HARDING XW,HARDING XW,,255.998078054
"MULTILINESTRING ((-74.16360258168741 40.595575197595394, -74.16314673392378 40.59562148405561))",2,102016,80,1,81,10314,10314,1622611478,1622603122,DOE CT,2,,5,40,11/29/2007 12:00:00 AM +0000,03/17/2017 12:00:00 AM +0000,TW,1,13,13,H,,,,CT,,,DOE CT,DOE,,127.71399455
"MULTILINESTRING ((-73.89483522924053 40.826246841212225, -73.8938671908673 40.826514968453466))",911,64401,929,914,928,10459,10459,1422603142,1422607267,E 167 ST,2,,2,44,11/29/2007 12:00:00 AM +0000,03/17/2017 12:00:00 AM +0000,TW,1,13,13,C,,E,,ST,,,E  167 ST,167,,285.164212388
"MULTILINESTRING ((-73.73714147693826 40.72867540073816, -73.73634595768684 40.72849097647264, -73.73549494453985 40.72830326536308))",0,31416,0,222-040,222-078,11428,11428,72262952,72262699,BRADDOCK AVE,2,3,4,30,11/29/2007 12:00:00 AM +0000,08/28/2020 12:00:00 AM +0000,FT,1,13,13,C,,,,AVE,,,BRADDOCK AVE,BRADDOCK,FT,476.08197171
"MULTILINESTRING ((-73.86744114749254 40.69420955989721, -73.86718551395863 40.693519291670086))",85-013,100068,85-057,85-020,85-056,11421,11421,2022613849,2022613850,75 ST,2,,4,36,11/29/2007 12:00:00 AM +0000,03/17/2017 12:00:00 AM +0000,TW,1,13,13,H,,,,ST,,,75 ST,75,,261.285190638
"MULTILINESTRING ((-73.74973504401287 40.73722466154986, -73.74881773102732 40.73738319843997))",222-001,27326,222-099,222-000,222-098,11364,11364,82261578,82266663,KINGSBURY AVE,2,,4,30,11/29/2007 12:00:00 AM +0000,08/28/2020 12:00:00 AM +0000,TW,1,13,13,S,,,,AVE,,,KINGSBURY AVE,KINGSBURY,,260.690312868
"MULTILINESTRING ((-73.96871613305103 40.69908497139131, -73.96869773674436 40.699466114042764))",,138352,,,,11251,11251,1922603647,1922604543,ASSEMBLY RD,2,,3,35,08/20/2011 12:00:00 AM +0000,03/17/2017 12:00:00 AM +0000,TW,1,13,13,V,,,,RD,,,ASSEMBLY RD,ASSEMBLY,,138.955249411